,reference,token,lemma
0,0.1,Ἰγνάτιος,Ἰγνάτιος
1,0.1,ὁ,ὁ
2,0.1,καὶ,καί
3,0.1,Θεοφόρος,
4,0.1,τῇ,
5,0.1,εὐλογημένῃ,
6,0.1,ἐν,
7,0.1,μεγέθει,μέγεθος
8,0.1,θεοῦ,
9,0.1,πατρὸς,πατήρ
10,0.1,πληρώματι,πλήρωμα
11,0.1,τῇ,
12,0.1,προωρισμένῃ,προορίζω
13,0.1,πρὸ,πρό
14,0.1,αἰώνων,αἰών
15,0.1,εἶναι,εἰμί
16,0.1,διὰ,διά
17,0.1,παντὸς,πᾶς
18,0.1,εἰς,εἰς
19,0.1,δόξαν,
20,0.1,παράμονον,παράμονος
21,0.1,ἄτρεπτον,ἄτρεπτος
22,0.1,ἡνωμένῃ,ἑνόω
23,0.1,καὶ,καί
24,0.1,ἐκλελεγμένῃ,ἐκ-λέγω3
25,0.1,ἐν,
26,0.1,πάθει,πάθος
27,0.1,ἀληθινῷ,ἀληθινός
28,0.1,ἐν,
29,0.1,θελήματι,θέλημα
30,0.1,τοῦ,
31,0.1,πατρὸς,πατήρ
32,0.1,καὶ,καί
33,0.1,Ἰησοῦ,Ἰησοῦς
34,0.1,Χριστοῦ,χριστός
35,0.1,τοῦ,
36,0.1,θεοῦ,
37,0.1,ἡμῶν,
38,0.1,τῇ,
39,0.1,ἐκκλησίᾳ,ἐκκλησία
40,0.1,τῇ,
41,0.1,ἀξιομακαρίστῳ,ἀξιομακάριστος
42,0.1,τῇ,
43,0.1,οὔσῃ,εἰμί
44,0.1,ἐν,
45,0.1,Ἐφέσῳ,Ἔφεσος
46,0.1,τῆς,ὁ
47,0.1,Ἀσίας,
48,0.1,πλεῖστα,πλεῖστος
49,0.1,ἐν,
50,0.1,Ἰησοῦ,Ἰησοῦς
51,0.1,Χριστῷ,χριστός
52,0.1,καὶ,καί
53,0.1,ἐν,
54,0.1,ἀμώμῳ,
55,0.1,χαρᾷ,χαρά
56,0.1,χαίρειν,χαίρω
57,0.1,Ἀποδεξάμενος,
58,1.1,ἐν,
59,1.1,θεῷ,
60,1.1,τὸ,ὁ
61,1.1,πολυαγάπητόν,πολυαγάπητος
62,1.1,σου,σύ
63,1.1,ὄνομα,ὄνομα
64,1.1,ὃ,
65,1.1,κέκτησθε,
66,1.1,φύσει,
67,1.1,δικαίᾳ,
68,1.1,κατὰ,κατά
69,1.1,πίστιν,πίστις
70,1.1,καὶ,καί
71,1.1,ἀγάπην,
72,1.1,ἐν,
73,1.1,Χριστῷ,χριστός
74,1.1,Ἰησοῦ,Ἰησοῦς
75,1.1,τῷ,
76,1.1,σωτῆρι,σωτήρ
77,1.1,ἡμῶν,
78,1.1,μιμηταὶ,
79,1.1,ὄντες,εἰμί
80,1.1,θεοῦ,
81,1.1,ἀναζωπυρήσαντες,ἀναζωπυρέω
82,1.1,ἐν,
83,1.1,αἵματι,αἷμα
84,1.1,θεοῦ,
85,1.1,τὸ,ὁ
86,1.1,συγγενικὸν,συγγενικός
87,1.1,ἔργον,
88,1.1,τελείως,
89,1.1,ἀπηρτίσατε,ἀπαρτίζω
90,1.1,ἀκούσαντες,ἀκούω
91,1.2,γὰρ,γάρ
92,1.2,δεδεμένον,δέω1
93,1.2,ἀπὸ,ἀπό
94,1.2,Συρίας,
95,1.2,ὑπὲρ,ὑπέρ
96,1.2,τοῦ,
97,1.2,κοινοῦ,
98,1.2,ὀνόματος,ὄνομα
99,1.2,καὶ,καί
100,1.2,ἐλπίδος,ἐλπίς
101,1.2,ἐλπίζοντα,ἐλπίζω
102,1.2,τῇ,
103,1.2,προσευχῇ,προσευχή
104,1.2,ὑμῶν,
105,1.2,ἐπιτυχεῖν,ἐπιτυγχάνω
106,1.2,ἐν,
107,1.2,Ῥώμῃ,
108,1.2,θηριομαχῆσαι,θηριομαχέω
109,1.2,ἵνα,ἵνα
110,1.2,διὰ,διά
111,1.2,τοῦ,
112,1.2,ἐπιτυχεῖν,ἐπιτυγχάνω
113,1.2,δυνηθῶ,δύναμαι
114,1.2,μαθητὴς,μαθητής
115,1.2,εἶναι,εἰμί
116,1.2,ἰδεῖν,
117,1.2,ἐσπουδάσατε,σπουδάζω
118,1.2,ἐπεὶ,ἐπεί
119,1.3,οὖν,οὖν
120,1.3,τὴν,ὁ
121,1.3,πολυπλήθειαν,πολυπλήθεια
122,1.3,ὑμῶν,
123,1.3,ἐν,
124,1.3,ὀνόματι,ὄνομα
125,1.3,θεοῦ,
126,1.3,ἀπείληφα,ἀπολαμβάνω
127,1.3,ἐν,
128,1.3,Ὀνησίμῳ,ὀνήσιμος
129,1.3,τῷ,
130,1.3,ἐν,
131,1.3,ἀγάπῃ,ἀγάπη
132,1.3,ἀδιηγήτῳ,ἀδιήγητος
133,1.3,ὑμῶν,
134,1.3,δὲ,δέ
135,1.3,ἐπισκόπῳ,
136,1.3,ὃν,ὅς
137,1.3,εὔχομαι,εὔχομαι
138,1.3,κατὰ,κατά
139,1.3,Ἰησοῦν,Ἰησοῦς
140,1.3,Χριστὸν,χριστός
141,1.3,ὑμᾶς,
142,1.3,ἀγαπᾶν,
143,1.3,καὶ,καί
144,1.3,πάντας,πᾶς
145,1.3,ὑμᾶς,
146,1.3,αὐτῷ,αὐτός
147,1.3,ἐν,
148,1.3,ὁμοιότητι,ὁμοιότης
149,1.3,εἶναι,εἰμί
150,1.3,εὐλογητὸς,εὐλογητός
151,1.3,γὰρ,γάρ
152,1.3,ὁ,ὁ
153,1.3,χαρισάμενος,
154,1.3,ὑμῖν,σύ
155,1.3,ἀξίοις,
156,1.3,οὖσι,εἰμί
157,1.3,τοιοῦτον,τοιοῦτος
158,1.3,ἐπίσκοπον,
159,1.3,κεκτῆσθαι,
160,1.3,Περὶ,περί
161,2.1,δὲ,δέ
162,2.1,τοῦ,
163,2.1,συνδούλου,σύνδουλος
164,2.1,μου,ἐγώ
165,2.1,Βούρρου,
166,2.1,τοῦ,
167,2.1,κατὰ,κατά
168,2.1,θεὸν,θεός
169,2.1,διακόνου,διάκονος
170,2.1,ὑμῶν,
171,2.1,ἐν,
172,2.1,πᾶσιν,
173,2.1,εὐλογημένου,
174,2.1,εὔχομαι,εὔχομαι
175,2.1,παραμεῖναι,παραμένω
176,2.1,αὐτὸν,αὐτός
177,2.1,εἰς,εἰς
178,2.1,τιμὴν,τιμή
179,2.1,ὑμῶν,
180,2.1,καὶ,καί
181,2.1,τοῦ,
182,2.1,ἐπισκόπου,
183,2.1,καὶ,καί
184,2.1,Κρόκος,κρόκος
185,2.1,δέ,δέ
186,2.1,ὁ,ὁ
187,2.1,θεοῦ,
188,2.1,ἄξιος,ἄξιος
189,2.1,καὶ,καί
190,2.1,ὑμῶν,
191,2.1,ὃν,ὅς
192,2.1,ἐξεμπλάριον,
193,2.1,τῆς,ὁ
194,2.1,ἀφ’,
195,2.1,ὑμῶν,
196,2.1,ἀγάπης,
197,2.1,ἀπέλαβον,ἀπολαμβάνω
198,2.1,κατὰ,κατά
199,2.1,πάντα,πᾶς
200,2.1,με,ἐγώ
201,2.1,ἀνέπαυσεν,ἀναπαύω
202,2.1,ὡς,ὡς
203,2.1,καὶ,καί
204,2.1,αὐτὸν,αὐτός
205,2.1,ὁ,ὁ
206,2.1,πατὴρ,πατήρ
207,2.1,Ἰησοῦ,Ἰησοῦς
208,2.1,Χριστοῦ,χριστός
209,2.1,ἀναψύξαι,ἀναψύχω
210,2.1,ἅμα,ἅμα
211,2.1,Ὀνησίμῳ,ὀνήσιμος
212,2.1,καὶ,καί
213,2.1,Βούρρῳ,
214,2.1,καὶ,καί
215,2.1,Εὔπλῳ,εὔπλους
216,2.1,καὶ,καί
217,2.1,Φρόντωνι,
218,2.1,δι’,
219,2.1,ὧν,ὅς
220,2.1,πάντας,πᾶς
221,2.1,ὑμᾶς,
222,2.1,κατὰ,κατά
223,2.1,ἀγάπην,
224,2.1,εἶδον,εἶδον
225,2.1,ὀναίμην,ὀνίνημι
226,2.2,ὑμῶν,
227,2.2,διὰ,διά
228,2.2,παντός,πᾶς
229,2.2,ἐάνπερ,ἐάν
230,2.2,ἄξιος,ἄξιος
231,2.2,ὦ,
232,2.2,πρέπον,
233,2.2,οὖν,οὖν
234,2.2,ἐστὶν,εἰμί
235,2.2,κατὰ,κατά
236,2.2,πάντα,πᾶς
237,2.2,τρόπον,τρόπος
238,2.2,δοξάζειν,δοξάζω
239,2.2,Ἰησοῦν,Ἰησοῦς
240,2.2,Χριστὸν,χριστός
241,2.2,τὸν,ὁ
242,2.2,δοξάσαντα,δοξάζω
243,2.2,ὑμᾶς,
244,2.2,ἵνα,ἵνα
245,2.2,ἐν,
246,2.2,μιᾷ,εἷς
247,2.2,ὑποταγῇ,
248,2.2,κατηρτισμένοι,καταρτίζω
249,2.2,ὑποτασσόμενοι,ὑποτάσσω
250,2.2,τῷ,
251,2.2,ἐπισκόπῳ,
252,2.2,καὶ,καί
253,2.2,τῷ,
254,2.2,πρεσβυτερίῳ,πρεσβυτέριον
255,2.2,κατὰ,κατά
256,2.2,πάντα,πᾶς
257,2.2,ἦτε,
258,2.2,ἡγιασμένοι,ἁγιάζω
259,2.2,Οὐ,οὐ
260,2.2,διατάσσομαι,διατάσσω
261,3.1,ὑμῖν,σύ
262,3.1,ὡς,ὡς
263,3.1,ὤν,εἰμί
264,3.1,τις,τις
265,3.1,εἰ,εἰ
266,3.1,γὰρ,γάρ
267,3.1,καὶ,καί
268,3.1,δέδεμαι,δέω1
269,3.1,ἐν,
270,3.1,τῷ,
271,3.1,ὀνόματι,ὄνομα
272,3.1,οὔπω,οὔπω
273,3.1,ἀπήρτισμαι,ἀπαρτίζω
274,3.1,ἐν,
275,3.1,Ἰησοῦ,Ἰησοῦς
276,3.1,Χριστῷ,χριστός
277,3.1,νῦν,νῦν
278,3.1,γὰρ,γάρ
279,3.1,ἀρχὴν,
280,3.1,ἔχω,
281,3.1,τοῦ,
282,3.1,μαθητεύεσθαι,μαθητεύω
283,3.1,καὶ,καί
284,3.1,προσλαλῶ,προσλαλέω
285,3.1,ὑμῖν,σύ
286,3.1,ὡς,ὡς
287,3.1,συνδιδασκαλίταις,
288,3.1,μου,ἐγώ
289,3.1,ἐμὲ,
290,3.1,γὰρ,γάρ
291,3.1,ἔδει,
292,3.1,ὑφ’,
293,3.1,ὑμῶν,
294,3.1,ὑπαλειφθῆναι,ὑπαλείφω
295,3.1,πίστει,πίστις
296,3.1,νουθεσίᾳ,νουθεσία
297,3.1,ὑπομονῇ,ὑπομονή
298,3.1,μακροθυμίᾳ,μακροθυμία
299,3.1,ἀλλ’,
300,3.1,ἐπεὶ,ἐπεί
301,3.2,ἡ,ὁ
302,3.2,ἀγάπη,
303,3.2,οὐκ,οὐ
304,3.2,ἐᾷ,ἐάω
305,3.2,με,ἐγώ
306,3.2,σιωπᾶν,
307,3.2,περὶ,περί
308,3.2,ὑμῶν,
309,3.2,διὰ,διά
310,3.2,τοῦτο,οὗτος
311,3.2,προέλαβον,προλαμβάνω
312,3.2,παρακαλεῖν,παρακαλέω
313,3.2,ὑμᾶς,
314,3.2,ὅπως,ὅπως
315,3.2,συντρέχητε,συντρέχω
316,3.2,τῇ,
317,3.2,γνώμῃ,γνώμη
318,3.2,τοῦ,
319,3.2,θεοῦ,
320,3.2,καὶ,καί
321,3.2,γὰρ,γάρ
322,3.2,Ἰησοῦς,Ἰησοῦς
323,3.2,Χριστός,χριστός
324,3.2,τὸ,ὁ
325,3.2,ἀδιάκριτον,ἀδιάκριτος
326,3.2,ἡμῶν,
327,3.2,ζῆν,
328,3.2,τοῦ,
329,3.2,πατρὸς,πατήρ
330,3.2,ἡ,ὁ
331,3.2,γνώμη,γνώμη
332,3.2,ὡς,ὡς
333,3.2,καὶ,καί
334,3.2,οἱ,
335,3.2,ἐπίσκοποι,
336,3.2,οἱ,
337,3.2,κατὰ,κατά
338,3.2,τὰ,
339,3.2,πέρατα,
340,3.2,ὁρισθέντες,ὁρίζω
341,3.2,ἐν,
342,3.2,Ἰησοῦ,Ἰησοῦς
343,3.2,Χριστοῦ,χριστός
344,3.2,γνώμῃ,γνώμη
345,3.2,εἰσίν,εἰμί
346,3.2,Ὅθεν,ὅθεν
347,3.2,πρέπει,πρέπω
348,4.1,ὑμῖν,σύ
349,4.1,συντρέχειν,συντρέχω
350,4.1,τῇ,
351,4.1,τοῦ,
352,4.1,ἐπισκόπου,
353,4.1,γνώμῃ,γνώμη
354,4.1,ὅπερ,ὅσπερ
355,4.1,καὶ,καί
356,4.1,ποιεῖτε,ποιέω
357,4.1,τὸ,ὁ
358,4.1,γὰρ,γάρ
359,4.1,ἀξιονόμαστον,
360,4.1,ὑμῶν,
361,4.1,πρεσβυτέριον,πρεσβυτέριον
362,4.1,τοῦ,
363,4.1,θεοῦ,
364,4.1,ἄξιον,ἄξιος
365,4.1,οὕτως,οὕτως
366,4.1,συνήρμοσται,συναρμόζω
367,4.1,τῷ,
368,4.1,ἐπισκόπῳ,
369,4.1,ὡς,ὡς
370,4.1,χορδαὶ,χορδή
371,4.1,κιθάρᾳ,κιθάρα
372,4.1,διὰ,διά
373,4.1,τοῦτο,οὗτος
374,4.1,ἐν,
375,4.1,τῇ,
376,4.1,ὁμονοίᾳ,ὁμόνοια
377,4.1,ὑμῶν,
378,4.1,καὶ,καί
379,4.1,συμφώνῳ,σύμφωνος
380,4.1,ἀγάπῃ,ἀγάπη
381,4.1,Ἰησοῦς,Ἰησοῦς
382,4.1,Χριστὸς,χριστός
383,4.1,ᾄδεται,ἀείδω
384,4.1,καὶ,καί
385,4.1,οἱ,
386,4.1,κατ’,
387,4.2,ἄνδρα,ἀνήρ
388,4.2,δὲ,δέ
389,4.2,χορὸς,χορός
390,4.2,γίνεσθε,γίγνομαι
391,4.2,ἵνα,ἵνα
392,4.2,σύμφωνοι,σύμφωνος
393,4.2,ὄντες,εἰμί
394,4.2,ἐν,
395,4.2,ὁμονοίᾳ,ὁμόνοια
396,4.2,χρῶμα,χρῶμα
397,4.2,θεοῦ,
398,4.2,λαβόντες,λαμβάνω
399,4.2,ἐν,
400,4.2,ἑνότητι,ἑνότης
401,4.2,ᾄδητε,ἀείδω
402,4.2,ἐν,
403,4.2,φωνῇ,
404,4.2,μιᾷ,εἷς
405,4.2,διὰ,διά
406,4.2,Ἰησοῦ,Ἰησοῦς
407,4.2,Χριστοῦ,χριστός
408,4.2,τῷ,
409,4.2,πατρί,
410,4.2,ἵνα,ἵνα
411,4.2,ὑμῶν,
412,4.2,καὶ,καί
413,4.2,ἀκούσῃ,
414,4.2,καὶ,καί
415,4.2,ἐπιγινώσκῃ,ἐπιγιγνώσκω
416,4.2,δι’,
417,4.2,ὧν,ὅς
418,4.2,εὖ,εὖ
419,4.2,πράσσετε,πράσσω
420,4.2,μέλη,
421,4.2,ὄντας,εἰμί
422,4.2,τοῦ,
423,4.2,υἱοῦ,
424,4.2,αὐτοῦ,
425,4.2,χρήσιμον,χρήσιμος
426,4.2,οὖν,οὖν
427,4.2,ἐστὶν,εἰμί
428,4.2,ὑμᾶς,
429,4.2,ἐν,
430,4.2,ἀμώμῳ,
431,4.2,ἑνότητι,ἑνότης
432,4.2,εἶναι,εἰμί
433,4.2,ἵνα,ἵνα
434,4.2,καὶ,καί
435,4.2,θεοῦ,
436,4.2,πάντοτε,πάντοτε
437,4.2,μετέχητε,μετέχω
438,4.2,Εἰ,εἰ
439,4.2,γὰρ,γάρ
440,4.2,ἐγὼ,ἐγώ
441,4.2,ἐν,
442,5.1,μικρῷ,
443,5.1,χρόνῳ,χρόνος
444,5.1,τοιαύτην,τοιοῦτος
445,5.1,συνήθειαν,συνήθεια
446,5.1,ἔσχον,ἔχω
447,5.1,πρὸς,πρός
448,5.1,τὸν,ὁ
449,5.1,ἐπίσκοπον,
450,5.1,ὑμῶν,
451,5.1,οὐκ,οὐ
452,5.1,ἀνθρωπίνην,ἀνθρώπινος
453,5.1,οὖσαν,εἰμί
454,5.1,ἀλλὰ,ἀλλά
455,5.1,πνευματικήν,πνευματικός
456,5.1,πόσῳ,πόσος
457,5.1,μᾶλλον,μᾶλλον
458,5.1,ὑμᾶς,
459,5.1,μακαρίζω,μακαρίζω
460,5.1,τοὺς,ὁ
461,5.1,ἐγκεκραμένους,ἐγκεράννυμι
462,5.1,οὕτως,οὕτως
463,5.1,ὡς,ὡς
464,5.1,ἡ,ὁ
465,5.1,ἐκκλησία,ἐκκλησία
466,5.1,Ἰησοῦ,Ἰησοῦς
467,5.1,Χριστῷ,χριστός
468,5.1,καὶ,καί
469,5.1,ὡς,ὡς
470,5.1,Ἰησοῦς,Ἰησοῦς
471,5.1,Χριστὸς,χριστός
472,5.1,τῷ,
473,5.1,πατρί,
474,5.1,ἵνα,ἵνα
475,5.1,πάντα,πᾶς
476,5.1,ἐν,
477,5.1,ἑνότητι,ἑνότης
478,5.1,σύμφωνα,σύμφωνος
479,5.1,ᾖ,εἰμί
480,5.1,μηδεὶς,μηδείς
481,5.1,πλανάσθω,πλανάω
482,5.2,ἐὰν,ἐάν
483,5.2,μή,μή
484,5.2,τις,τις
485,5.2,ᾖ,εἰμί
486,5.2,ἐντὸς,ἐντός
487,5.2,τοῦ,
488,5.2,θυσιαστηρίου,
489,5.2,ὑστερεῖται,ὑστερέω
490,5.2,τοῦ,
491,5.2,ἄρτου,ἄρτος
492,5.2,τοῦ,
493,5.2,θεοῦ,
494,5.2,εἰ,εἰ
495,5.2,γὰρ,γάρ
496,5.2,ἑνὸς,εἷς
497,5.2,καὶ,καί
498,5.2,δευτέρου,
499,5.2,προσευχὴ,προσευχή
500,5.2,τοσαύτην,τοσοῦτος
501,5.2,ἰσχὺν,ἰσχύς
502,5.2,ἔχει,
503,5.2,πόσῳ,πόσος
504,5.2,μᾶλλον,μᾶλλον
505,5.2,ἥ,
506,5.2,τε,τε
507,5.2,τοῦ,
508,5.2,ἐπισκόπου,
509,5.2,καὶ,καί
510,5.2,πάσης,
511,5.2,τῆς,ὁ
512,5.2,ἐκκλησίας,ἐκκλησία
513,5.2,ὁ,ὁ
514,5.2,οὖν,οὖν
515,5.2,μὴ,μή
516,5.2,ἐρχόμενος,ἔρχομαι
517,5.3,ἐπὶ,ἐπί
518,5.3,τὸ,ὁ
519,5.3,αὐτὸ,αὐτός
520,5.3,οὗτος,οὗτος
521,5.3,ἤδη,
522,5.3,ὑπερηφανεῖ,
523,5.3,καὶ,καί
524,5.3,ἑαυτὸν,ἑαυτοῦ
525,5.3,διέκρινεν,διακρίνω
526,5.3,γέγραπται,γράφω
527,5.3,γάρ,γάρ
528,5.3,Ὑπερηφάνοις,ὑπερήφανος
529,5.3,ὁ,ὁ
530,5.3,θεὸς,θεός
531,5.3,ἀντιτάσσεται,ἀντιτάσσω
532,5.3,σπουδάσωμεν,σπουδάζω
533,5.3,οὖν,οὖν
534,5.3,μὴ,μή
535,5.3,ἀντιτάσσεσθαι,ἀντιτάσσω
536,5.3,τῷ,
537,5.3,ἐπισκόπῳ,
538,5.3,ἵνα,ἵνα
539,5.3,ὦμεν,εἰμί
540,5.3,θεῷ,
541,5.3,ὑποτασσόμενοι,ὑποτάσσω
542,5.3,Καὶ,καί
543,5.3,ὅσον,ὅσος
544,5.3,βλέπει,
545,6.1,τις,τις
546,6.1,σιγῶντα,
547,6.1,ἐπίσκοπον,
548,6.1,πλειόνως,πλείων
549,6.1,αὐτὸν,αὐτός
550,6.1,φοβείσθω,φοβέω
551,6.1,πάντα,πᾶς
552,6.1,γάρ,γάρ
553,6.1,ὃν,ὅς
554,6.1,πέμπει,πέμπω
555,6.1,ὁ,ὁ
556,6.1,οἰκοδεσπότης,
557,6.1,εἰς,εἰς
558,6.1,ἰδίαν,ἴδιος
559,6.1,οἰκονομίαν,οἰκονομία
560,6.1,οὕτως,οὕτως
561,6.1,δεῖ,
562,6.1,ἡμᾶς,
563,6.1,αὐτὸν,αὐτός
564,6.1,δέχεσθαι,δέχομαι
565,6.1,ὡς,ὡς
566,6.1,αὐτὸν,αὐτός
567,6.1,τὸν,ὁ
568,6.1,πέμψαντα,πέμπω
569,6.1,τὸν,ὁ
570,6.1,οὖν,οὖν
571,6.1,ἐπίσκοπον,
572,6.1,δῆλον,δῆλος
573,6.1,ὅτι,
574,6.1,ὡς,ὡς
575,6.1,αὐτὸν,αὐτός
576,6.1,κύριον,
577,6.1,δεῖ,
578,6.1,προσβλέπειν,προσβλέπω
579,6.1,αὐτὸς,αὐτός
580,6.1,μὲν,μέν
581,6.1,οὖν,οὖν
582,6.1,Ὀνήσιμος,ὀνήσιμος
583,6.2,ὑπερεπαινεῖ,ὑπερεπαινέω
584,6.2,ὑμῶν,
585,6.2,τὴν,ὁ
586,6.2,ἐν,
587,6.2,θεῷ,
588,6.2,εὐταξίαν,εὐταξία
589,6.2,ὅτι,
590,6.2,πάντες,πᾶς
591,6.2,κατὰ,κατά
592,6.2,ἀλήθειαν,ἀλήθεια
593,6.2,ζῆτε,
594,6.2,καὶ,καί
595,6.2,ὅτι,
596,6.2,ἐν,
597,6.2,ὑμῖν,σύ
598,6.2,οὐδεμία,οὐδείς
599,6.2,αἵρεσις,αἵρεσις
600,6.2,κατοικεῖ,κατοικέω
601,6.2,ἀλλ’,
602,6.2,οὐδὲ,
603,6.2,ἀκούετέ,ἀκούω
604,6.2,τινος,τις
605,6.2,πλέον,
606,6.2,ἢ,
607,6.2,περὶ,περί
608,6.2,Ἰησοῦ,Ἰησοῦς
609,6.2,Χριστοῦ,χριστός
610,6.2,λαλοῦντος,λαλέω
611,6.2,ἐν,
612,6.2,ἀληθείᾳ,ἀλήθεια
613,6.2,Εἰώθασιν,ἔθω
614,6.2,γάρ,γάρ
615,6.2,τινες,τις
616,7.1,δόλῳ,δόλος
617,7.1,πονηρῷ,πονηρός
618,7.1,τὸ,ὁ
619,7.1,ὄνομα,ὄνομα
620,7.1,περιφέρειν,περιφέρω
621,7.1,ἄλλα,ἄλλος
622,7.1,τινὰ,τις
623,7.1,πράσσοντες,πράσσω
624,7.1,ἀνάξια,ἀνάξιος
625,7.1,θεοῦ,
626,7.1,οὓς,ὅς
627,7.1,δεῖ,
628,7.1,ὑμᾶς,
629,7.1,ὡς,ὡς
630,7.1,θηρία,θηρίον
631,7.1,ἐκκλίνειν,ἐκκλίνω
632,7.1,εἰσὶν,εἰμί
633,7.1,γὰρ,γάρ
634,7.1,κύνες,κύων
635,7.1,λυσσῶντες,
636,7.1,λαθροδῆκται,λαθροδήκτης
637,7.1,οὓς,ὅς
638,7.1,δεῖ,
639,7.1,ὑμᾶς,
640,7.1,φυλάσσεσθαι,
641,7.1,ὄντας,εἰμί
642,7.1,δυσθεραπεύτους,δυσθεράπευτος
643,7.1,εἷς,εἷς
644,7.1,ἰατρός,ἰατρός
645,7.1,ἐστιν,εἰμί
646,7.1,σαρκικός,σαρκικός
647,7.2,τε,τε
648,7.2,καὶ,καί
649,7.2,πνευματικός,πνευματικός
650,7.2,γεννητὸς,γεννητός
651,7.2,καὶ,καί
652,7.2,ἀγέννητος,ἀγέννητος
653,7.2,ἐν,
654,7.2,ἀνθρώπῳ,ἄνθρωπος
655,7.2,θεός,θεός
656,7.2,ἐν,
657,7.2,θανάτῳ,θάνατος
658,7.2,ζωὴ,
659,7.2,ἀληθινή,ἀληθινός
660,7.2,καὶ,καί
661,7.2,ἐκ,ἐκ
662,7.2,Μαρίας,Μαρία
663,7.2,καὶ,καί
664,7.2,ἐκ,ἐκ
665,7.2,θεοῦ,
666,7.2,πρῶτον,
667,7.2,παθητὸς,παθητός
668,7.2,καὶ,καί
669,7.2,τότε,τότε
670,7.2,ἀπαθής,ἀπαθής
671,7.2,Ἰησοῦς,Ἰησοῦς
672,7.2,Χριστὸς,χριστός
673,7.2,ὁ,ὁ
674,7.2,κύριος,
675,7.2,ἡμῶν,
676,7.2,Μὴ,μή
677,7.2,οὖν,οὖν
678,7.2,τις,τις
679,7.2,ὑμᾶς,
680,7.2,ἐξαπατάτω,ἐξαπατάω
681,8.1,ὥσπερ,ὥσπερ
682,8.1,οὐδὲ,
683,8.1,ἐξαπατᾶσθε,ἐξαπατάω
684,8.1,ὅλοι,
685,8.1,ὄντες,εἰμί
686,8.1,θεοῦ,
687,8.1,ὅταν,ὅταν
688,8.1,γὰρ,γάρ
689,8.1,μηδεμία,μηδείς
690,8.1,ἔρις,ἔρις
691,8.1,ἐνήρεισται,ἐνερείδω
692,8.1,ἐν,
693,8.1,ὑμῖν,σύ
694,8.1,ἡ,ὁ
695,8.1,δυναμένη,δύναμαι
696,8.1,ὑμᾶς,
697,8.1,βασανίσαι,βασανίζω
698,8.1,ἄρα,
699,8.1,κατὰ,κατά
700,8.1,θεὸν,θεός
701,8.1,ζῆτε,
702,8.1,περίψημα,περίψημα
703,8.1,ὑμῶν,
704,8.1,καὶ,καί
705,8.1,ἁγνίζομαι,ἁγνίζω
706,8.1,ὑμῶν,
707,8.1,Ἐφεσίων,
708,8.1,ἐκκλησίας,ἐκκλησία
709,8.1,τῆς,ὁ
710,8.1,διαβοήτου,διαβόητος
711,8.1,τοῖς,ὁ
712,8.1,αἰῶσιν,
713,8.1,οἱ,
714,8.1,σαρκικοὶ,σαρκικός
715,8.1,τὰ,
716,8.1,πνευματικὰ,πνευματικός
717,8.2,πράσσειν,πράσσω
718,8.2,οὐ,οὐ
719,8.2,δύνανται,δύναμαι
720,8.2,οὐδὲ,
721,8.2,οἱ,
722,8.2,πνευματικοὶ,πνευματικός
723,8.2,τὰ,
724,8.2,σαρκικά,σαρκικός
725,8.2,ὥσπερ,ὥσπερ
726,8.2,οὐδὲ,
727,8.2,ἡ,ὁ
728,8.2,πίστις,πίστις
729,8.2,τὰ,
730,8.2,τῆς,ὁ
731,8.2,ἀπιστίας,ἀπιστία
732,8.2,οὐδὲ,
733,8.2,ἡ,ὁ
734,8.2,ἀπιστία,ἀπιστία
735,8.2,τὰ,
736,8.2,τῆς,ὁ
737,8.2,πίστεως,πίστις
738,8.2,ἃ,
739,8.2,δὲ,δέ
740,8.2,καὶ,καί
741,8.2,κατὰ,κατά
742,8.2,σάρκα,
743,8.2,πράσσετε,πράσσω
744,8.2,ταῦτα,οὗτος
745,8.2,πνευματικά,πνευματικός
746,8.2,ἐστιν,εἰμί
747,8.2,ἐν,
748,8.2,Ἰησοῦ,Ἰησοῦς
749,8.2,γὰρ,γάρ
750,8.2,Χριστῷ,χριστός
751,8.2,πάντα,πᾶς
752,8.2,πράσσετε,πράσσω
753,8.2,Ἔγνων,γιγνώσκω
754,8.2,δὲ,δέ
755,8.2,παροδεύσαντάς,παροδεύω
756,9.1,τινας,τις
757,9.1,ἐκεῖθεν,ἐκεῖθεν
758,9.1,ἔχοντας,ἔχω
759,9.1,κακὴν,κακός
760,9.1,διδαχήν,διδαχή
761,9.1,οὓς,ὅς
762,9.1,οὐκ,οὐ
763,9.1,εἰάσατε,
764,9.1,σπεῖραι,
765,9.1,εἰς,εἰς
766,9.1,ὑμᾶς,
767,9.1,βύσαντες,
768,9.1,τὰ,
769,9.1,ὦτα,οὖς
770,9.1,εἰς,εἰς
771,9.1,τὸ,ὁ
772,9.1,μὴ,μή
773,9.1,παραδέξασθαι,
774,9.1,τὰ,
775,9.1,σπειρόμενα,σπείρω
776,9.1,ὑπ’,
777,9.1,αὐτῶν,αὐτός
778,9.1,ὡς,ὡς
779,9.1,ὄντες,εἰμί
780,9.1,λίθοι,λίθος
781,9.1,ναοῦ,
782,9.1,πατρός,πατήρ
783,9.1,ἡτοιμασμένοι,ἑτοιμάζω
784,9.1,εἰς,εἰς
785,9.1,οἰκοδομὴν,οἰκοδομή
786,9.1,θεοῦ,
787,9.1,πατρός,πατήρ
788,9.1,ἀναφερόμενοι,ἀναφέρω
789,9.1,εἰς,εἰς
790,9.1,τὰ,
791,9.1,ὕψη,ὕψος
792,9.1,διὰ,διά
793,9.1,τῆς,ὁ
794,9.1,μηχανῆς,
795,9.1,Ἰησοῦ,Ἰησοῦς
796,9.1,Χριστοῦ,χριστός
797,9.1,ὅς,
798,9.1,ἐστιν,εἰμί
799,9.1,σταυρός,σταυρός
800,9.1,σχοινίῳ,σχοινίον
801,9.1,χρώμενοι,
802,9.1,τῷ,
803,9.1,πνεύματι,πνεῦμα
804,9.1,τῷ,
805,9.1,ἁγίῳ,ἅγιος
806,9.1,ἡ,ὁ
807,9.1,δὲ,δέ
808,9.1,πίστις,πίστις
809,9.1,ὑμῶν,
810,9.1,ἀναγωγεὺς,ἀναγωγεύς
811,9.1,ὑμῶν,
812,9.1,ἡ,ὁ
813,9.1,δὲ,δέ
814,9.1,ἀγάπη,
815,9.1,ὁδὸς,
816,9.1,ἡ,ὁ
817,9.1,ἀναφέρουσα,ἀναφέρω
818,9.1,εἰς,εἰς
819,9.1,θεόν,θεός
820,9.1,ἐστὲ,εἰμί
821,9.1,οὖν,οὖν
822,9.1,καὶ,καί
823,9.1,σύνοδοι,
824,9.1,πάντες,πᾶς
825,9.2,θεοφόροι,
826,9.2,καὶ,καί
827,9.2,ναοφόροι,
828,9.2,χριστοφόροι,
829,9.2,ἁγιοφόροι,
830,9.2,κατὰ,κατά
831,9.2,πάντα,πᾶς
832,9.2,κεκοσμημένοι,κοσμέω
833,9.2,ἐντολαῖς,ἐντολή
834,9.2,Ἰησοῦ,Ἰησοῦς
835,9.2,Χριστοῦ,χριστός
836,9.2,οἷς,ὅς
837,9.2,καὶ,καί
838,9.2,ἀγαλλιώμενος,ἀγαλλιάω
839,9.2,ἠξιώθην,
840,9.2,δι’,
841,9.2,ὧν,ὅς
842,9.2,γράφω,γράφω
843,9.2,προσομιλῆσαι,προσομιλέω
844,9.2,ὑμῖν,σύ
845,9.2,καὶ,καί
846,9.2,συγχαρῆναι,συγχαίρω
847,9.2,ὅτι,
848,9.2,κατ’,
849,9.2,ἀνθρώπων,ἄνθρωπος
850,9.2,βίον,
851,9.2,οὐδὲν,οὐδείς
852,9.2,ἀγαπᾶτε,
853,9.2,εἰ,εἰ
854,9.2,μὴ,μή
855,9.2,μόνον,μόνος
856,9.2,τὸν,ὁ
857,9.2,θεόν,θεός
858,9.2,Καὶ,καί
859,9.2,ὑπὲρ,ὑπέρ
860,9.2,τῶν,ὁ
861,9.2,ἄλλων,ἄλλος
862,9.2,δὲ,δέ
863,9.2,ἀνθρώπων,ἄνθρωπος
864,10.1,ἀδιαλείπτως,ἀδιάλειπτος
865,10.1,προσεύχεσθε,προσεύχομαι
866,10.1,ἔστιν,εἰμί
867,10.1,γὰρ,γάρ
868,10.1,ἐν,
869,10.1,αὐτοῖς,αὐτός
870,10.1,ἐλπὶς,ἐλπίς
871,10.1,μετανοίας,μετάνοια
872,10.1,ἵνα,ἵνα
873,10.1,θεοῦ,
874,10.1,τύχωσιν,τυγχάνω
875,10.1,ἐπιτρέψατε,ἐπιτρέπω
876,10.1,οὖν,οὖν
877,10.1,αὐτοῖς,αὐτός
878,10.1,κἂν,κἀν
879,10.1,ἐκ,ἐκ
880,10.1,τῶν,ὁ
881,10.1,ἔργων,
882,10.1,ὑμῖν,σύ
883,10.1,μαθητευθῆναι,μαθητεύω
884,10.1,πρὸς,πρός
885,10.1,τὰς,ὁ
886,10.1,ὀργὰς,
887,10.1,αὐτῶν,αὐτός
888,10.1,ὑμεῖς,σύ
889,10.2,πραεῖς,πρᾶος
890,10.2,πρὸς,πρός
891,10.2,τὰς,ὁ
892,10.2,μεγαλορημοσύνας,
893,10.2,αὐτῶν,αὐτός
894,10.2,ὑμεῖς,σύ
895,10.2,ταπεινόφρονες,ταπεινόφρων
896,10.2,πρὸς,πρός
897,10.2,τὰς,ὁ
898,10.2,βλασφημίας,βλασφημία
899,10.2,αὐτῶν,αὐτός
900,10.2,ὑμεῖς,σύ
901,10.2,τὰς,ὁ
902,10.2,προσευχάς,προσευχή
903,10.2,πρὸς,πρός
904,10.2,τὴν,ὁ
905,10.2,πλάνην,
906,10.2,αὐτῶν,αὐτός
907,10.2,ὑμεῖς,σύ
908,10.2,ἑδραῖοι,ἑδραῖος
909,10.2,τῇ,
910,10.2,πίστει,πίστις
911,10.2,πρὸς,πρός
912,10.2,τὸ,ὁ
913,10.2,ἄγριον,
914,10.2,αὐτῶν,αὐτός
915,10.2,ὑμεῖς,σύ
916,10.2,ἥμεροι,ἥμερος
917,10.2,μὴ,μή
918,10.2,σπουδάζοντες,σπουδάζω
919,10.2,ἀντιμιμήσασθαι,ἀντιμιμέομαι
920,10.2,αὐτούς,αὐτός
921,10.2,ἀδελφοὶ,ἀδελφός
922,10.2,αὐτῶν,αὐτός
923,10.2,εὑρεθῶμεν,εὑρίσκω
924,10.2,τῇ,
925,10.3,ἐπιεικείᾳ,ἐπιείκεια
926,10.3,μιμηταὶ,
927,10.3,δὲ,δέ
928,10.3,τοῦ,
929,10.3,κυρίου,
930,10.3,σπουδάζωμεν,σπουδάζω
931,10.3,εἶναι,εἰμί
932,10.3,τίς,
933,10.3,πλέον,
934,10.3,ἀδικηθῇ,ἀδικέω
935,10.3,τίς,
936,10.3,ἀποστερηθῇ,ἀποστερέω
937,10.3,τίς,
938,10.3,ἀθετηθῇ,ἀθετέω
939,10.3,ἵνα,ἵνα
940,10.3,μὴ,μή
941,10.3,τοῦ,
942,10.3,διαβόλου,διάβολος
943,10.3,βοτάνη,βοτάνη
944,10.3,τις,τις
945,10.3,εὑρεθῇ,εὑρίσκω
946,10.3,ἐν,
947,10.3,ὑμῖν,σύ
948,10.3,ἀλλ’,
949,10.3,ἐν,
950,10.3,πάσῃ,
951,10.3,ἁγνείᾳ,ἁγνεία
952,10.3,καὶ,καί
953,10.3,σωφροσύνῃ,
954,10.3,μένητε,μένω
955,10.3,ἐν,
956,10.3,Ἰησοῦ,Ἰησοῦς
957,10.3,Χριστῷ,χριστός
958,10.3,σαρκικῶς,σαρκικός
959,10.3,καὶ,καί
960,10.3,πνευματικῶς,πνευματικός
961,10.3,Ἔσχατοι,ἔσχατος
962,10.3,καιροί,
963,10.3,λοιπὸν,λοιπός
964,10.3,αἰσχυνθῶμεν,αἰσχύνω
965,11.1,φοβηθῶμεν,φοβέω
966,11.1,τὴν,ὁ
967,11.1,μακροθυμίαν,μακροθυμία
968,11.1,τοῦ,
969,11.1,θεοῦ,
970,11.1,ἵνα,ἵνα
971,11.1,μὴ,μή
972,11.1,ἡμῖν,ἐγώ
973,11.1,εἰς,εἰς
974,11.1,κρίμα,κρίμα
975,11.1,γένηται,γίγνομαι
976,11.1,ἢ,
977,11.1,γὰρ,γάρ
978,11.1,τὴν,ὁ
979,11.1,μέλλουσαν,μέλλω
980,11.1,ὀργὴν,ὀργή
981,11.1,φοβηθῶμεν,φοβέω
982,11.1,ἢ,
983,11.1,τὴν,ὁ
984,11.1,ἐνεστῶσαν,ἐνίστημι
985,11.1,χάριν,χάρις
986,11.1,ἀγαπήσωμεν,ἀγαπάω
987,11.1,ἓν,
988,11.1,τῶν,ὁ
989,11.1,δύο,δύο
990,11.1,μόνον,μόνος
991,11.1,ἐν,
992,11.1,Χριστῷ,χριστός
993,11.1,Ἰησοῦ,Ἰησοῦς
994,11.1,εὑρεθῆναι,εὑρίσκω
995,11.1,εἰς,εἰς
996,11.1,τὸ,ὁ
997,11.1,ἀληθινὸν,ἀληθινός
998,11.1,ζῆν,
999,11.1,χωρὶς,χωρίς
1000,11.1,τούτου,οὗτος
1001,11.1,μηδὲν,μηδείς
1002,11.1,ὑμῖν,σύ
1003,11.1,πρεπέτω,πρέπω
1004,11.2,ἐν,
1005,11.2,ᾧ,ὅς
1006,11.2,τὰ,
1007,11.2,δεσμὰ,δεσμός
1008,11.2,περιφέρω,περιφέρω
1009,11.2,τοὺς,ὁ
1010,11.2,πνευματικοὺς,πνευματικός
1011,11.2,μαργαρίτας,μαργαρίτης
1012,11.2,ἐν,
1013,11.2,οἷς,ὅς
1014,11.2,γένοιτό,γίγνομαι
1015,11.2,μοι,ἐγώ
1016,11.2,ἀναστῆναι,ἀνίστημι
1017,11.2,τῇ,
1018,11.2,προσευχῇ,προσευχή
1019,11.2,ὑμῶν,
1020,11.2,ἧς,
1021,11.2,γένοιτό,γίγνομαι
1022,11.2,μοι,ἐγώ
1023,11.2,ἀεὶ,ἀεί
1024,11.2,μέτοχον,μέτοχος
1025,11.2,εἶναι,εἰμί
1026,11.2,ἵνα,ἵνα
1027,11.2,ἐν,
1028,11.2,κλήρῳ,κλῆρος
1029,11.2,Ἐφεσίων,
1030,11.2,εὑρεθῶ,εὑρίσκω
1031,11.2,τῶν,ὁ
1032,11.2,Χριστιανῶν,
1033,11.2,οἳ,
1034,11.2,καὶ,καί
1035,11.2,τοῖς,ὁ
1036,11.2,ἀποστόλοις,ἀπόστολος
1037,11.2,πάντοτε,πάντοτε
1038,11.2,συνῄνεσαν,συναινέω
1039,11.2,ἐν,
1040,11.2,δυνάμει,δύναμις
1041,11.2,Ἰησοῦ,Ἰησοῦς
1042,11.2,Χριστοῦ,χριστός
1043,11.2,Οἶδα,οἶδα
1044,11.2,τίς,
1045,11.2,εἰμι,εἰμί
1046,11.2,καὶ,καί
1047,11.2,τίσιν,
1048,11.2,γράφω,γράφω
1049,12.1,ἐγὼ,ἐγώ
1050,12.1,κατάκριτος,κατάκριτος
1051,12.1,ὑμεῖς,σύ
1052,12.1,ἠλεημένοι,
1053,12.1,ἐγὼ,ἐγώ
1054,12.1,ὑπὸ,ὑπό
1055,12.1,κίνδυνον,κίνδυνος
1056,12.1,ὑμεῖς,σύ
1057,12.1,ἐστηριγμένοι,στηρίζω
1058,12.1,πάροδός,πάροδος
1059,12.1,ἐστε,εἰμί
1060,12.1,τῶν,ὁ
1061,12.1,εἰς,εἰς
1062,12.1,θεὸν,θεός
1063,12.1,ἀναιρουμένων,
1064,12.2,Παύλου,Παῦλος
1065,12.2,συμμύσται,συμμύστης
1066,12.2,τοῦ,
1067,12.2,ἡγιασμένου,ἁγιάζω
1068,12.2,τοῦ,
1069,12.2,μεμαρτυρημένου,μαρτυρέω
1070,12.2,ἀξιομακαρίστου,ἀξιομακάριστος
1071,12.2,οὗ,
1072,12.2,γένοιτό,γίγνομαι
1073,12.2,μοι,ἐγώ
1074,12.2,ὑπὸ,ὑπό
1075,12.2,τὰ,
1076,12.2,ἴχνη,ἴχνος
1077,12.2,εὑρεθῆναι,εὑρίσκω
1078,12.2,ὅταν,ὅταν
1079,12.2,θεοῦ,
1080,12.2,ἐπιτύχω,ἐπιτυγχάνω
1081,12.2,ὃς,
1082,12.2,ἐν,
1083,12.2,πάσῃ,
1084,12.2,ἐπιστολῇ,
1085,12.2,μνημονεύει,μνημονεύω
1086,12.2,ὑμῶν,
1087,12.2,ἐν,
1088,12.2,Χριστῷ,χριστός
1089,12.2,Ἰησοῦ,Ἰησοῦς
1090,12.2,Σπουδάζετε,σπουδάζω
1091,12.2,οὖν,οὖν
1092,12.2,πυκνότερον,
1093,12.2,συνέρχεσθαι,συνέρχομαι
1094,13.1,εἰς,εἰς
1095,13.1,εὐχαριστίαν,εὐχαριστία
1096,13.1,θεοῦ,
1097,13.1,καὶ,καί
1098,13.1,εἰς,εἰς
1099,13.1,δόξαν,
1100,13.1,ὅταν,ὅταν
1101,13.1,γὰρ,γάρ
1102,13.1,πυκνῶς,
1103,13.1,ἐπὶ,ἐπί
1104,13.1,τὸ,ὁ
1105,13.1,αὐτὸ,αὐτός
1106,13.1,γίνεσθε,γίγνομαι
1107,13.1,καθαιροῦνται,καθαιρέω
1108,13.1,αἱ,ὁ
1109,13.1,δυνάμεις,δύναμις
1110,13.1,τοῦ,
1111,13.1,Σατανᾶ,Σατάν
1112,13.1,καὶ,καί
1113,13.1,λύεται,λύω
1114,13.1,ὁ,ὁ
1115,13.1,ὄλεθρος,ὄλεθρος
1116,13.1,αὐτοῦ,
1117,13.1,ἐν,
1118,13.1,τῇ,
1119,13.1,ὁμονοίᾳ,ὁμόνοια
1120,13.1,ὑμῶν,
1121,13.1,τῆς,ὁ
1122,13.1,πίστεως,πίστις
1123,13.1,οὐδέν,οὐδείς
1124,13.1,ἐστιν,εἰμί
1125,13.1,ἄμεινον,ἀμείνων
1126,13.1,εἰρήνης,
1127,13.1,ἐν,
1128,13.1,ᾗ,
1129,13.1,πᾶς,πᾶς
1130,13.2,πόλεμος,πόλεμος
1131,13.2,καταργεῖται,καταργέω
1132,13.2,ἐπουρανίων,ἐπουράνιος
1133,13.2,καὶ,καί
1134,13.2,ἐπιγείων,ἐπίγειος
1135,13.2,Ὧν,ὅς
1136,13.2,οὐδὲν,οὐδείς
1137,13.2,λανθάνει,λανθάνω
1138,13.2,ὑμᾶς,
1139,13.2,ἐὰν,ἐάν
1140,13.2,τελείως,
1141,14.1,εἰς,εἰς
1142,14.1,Ἰησοῦν,Ἰησοῦς
1143,14.1,Χριστὸν,χριστός
1144,14.1,ἔχητε,
1145,14.1,τὴν,ὁ
1146,14.1,πίστιν,πίστις
1147,14.1,καὶ,καί
1148,14.1,τὴν,ὁ
1149,14.1,ἀγάπην,
1150,14.1,ἥτις,ὅστις
1151,14.1,ἐστὶν,εἰμί
1152,14.1,ἀρχὴ,ἀρχή
1153,14.1,ζωῆς,
1154,14.1,καὶ,καί
1155,14.1,τέλος,τέλος
1156,14.1,ἀρχὴ,ἀρχή
1157,14.1,μὲν,μέν
1158,14.1,πίστις,πίστις
1159,14.1,τέλος,τέλος
1160,14.1,δὲ,δέ
1161,14.1,ἀγάπη,
1162,14.1,τὰ,
1163,14.1,δὲ,δέ
1164,14.1,δύο,δύο
1165,14.1,ἐν,
1166,14.1,ἑνότητι,ἑνότης
1167,14.1,γενόμενα,γίγνομαι
1168,14.1,θεός,θεός
1169,14.1,ἐστιν,εἰμί
1170,14.1,τὰ,
1171,14.1,δὲ,δέ
1172,14.1,ἄλλα,ἄλλος
1173,14.1,πάντα,πᾶς
1174,14.1,εἰς,εἰς
1175,14.1,καλοκἀγαθίαν,καλοκἀγαθία
1176,14.1,ἀκόλουθά,ἀκόλουθος
1177,14.1,ἐστιν,εἰμί
1178,14.1,οὐδεὶς,οὐδείς
1179,14.1,πίστιν,πίστις
1180,14.1,ἐπαγγελλόμενος,ἐπαγγέλλω
1181,14.1,ἁμαρτάνει,ἁμαρτάνω
1182,14.2,οὐδὲ,
1183,14.2,ἀγάπην,
1184,14.2,κεκτημένος,
1185,14.2,μισεῖ,μισέω
1186,14.2,φανερὸν,φανερός
1187,14.2,τὸ,ὁ
1188,14.2,δένδρον,δένδρον
1189,14.2,ἀπὸ,ἀπό
1190,14.2,τοῦ,
1191,14.2,καρποῦ,
1192,14.2,αὐτοῦ,
1193,14.2,οὕτως,οὕτως
1194,14.2,οἱ,
1195,14.2,ἐπαγγελλόμενοι,ἐπαγγέλλω
1196,14.2,Χριστοῦ,χριστός
1197,14.2,εἶναι,εἰμί
1198,14.2,δι’,
1199,14.2,ὧν,ὅς
1200,14.2,πράσσουσιν,πράσσω
1201,14.2,ὀφθήσονται,ὁράω
1202,14.2,οὐ,οὐ
1203,14.2,γὰρ,γάρ
1204,14.2,νῦν,νῦν
1205,14.2,ἐπαγγελίας,ἐπαγγελία
1206,14.2,τὸ,ὁ
1207,14.2,ἔργον,
1208,14.2,ἀλλ’,
1209,14.2,ἐν,
1210,14.2,δυνάμει,δύναμις
1211,14.2,πίστεως,πίστις
1212,14.2,ἐάν,ἐάν
1213,14.2,τις,τις
1214,14.2,εὑρεθῇ,εὑρίσκω
1215,14.2,εἰς,εἰς
1216,14.2,τέλος,τέλος
1217,14.2,Ἄμεινόν,ἀμείνων
1218,14.2,ἐστιν,εἰμί
1219,14.2,σιωπᾶν,
1220,14.2,καὶ,καί
1221,14.2,εἶναι,εἰμί
1222,14.2,ἢ,
1223,14.2,λαλοῦντα,λαλέω
1224,15.1,μὴ,μή
1225,15.1,εἶναι,εἰμί
1226,15.1,καλὸν,καλός
1227,15.1,τὸ,ὁ
1228,15.1,διδάσκειν,διδάσκω
1229,15.1,ἐὰν,ἐάν
1230,15.1,ὁ,ὁ
1231,15.1,λέγων,
1232,15.1,ποιῇ,
1233,15.1,εἷς,εἷς
1234,15.1,οὖν,οὖν
1235,15.1,διδάσκαλος,διδάσκαλος
1236,15.1,ὃς,
1237,15.1,εἶπεν,εἶπον
1238,15.1,καὶ,καί
1239,15.1,ἐγένετο,γίγνομαι
1240,15.1,καὶ,καί
1241,15.1,ἃ,
1242,15.1,σιγῶν,
1243,15.1,δὲ,δέ
1244,15.1,πεποίηκεν,ποιέω
1245,15.1,ἄξια,ἄξιος
1246,15.1,τοῦ,
1247,15.1,πατρός,πατήρ
1248,15.1,ἐστιν,εἰμί
1249,15.1,ὁ,ὁ
1250,15.1,λόγον,λόγος
1251,15.1,Ἰησοῦ,Ἰησοῦς
1252,15.1,κεκτημένος,
1253,15.1,ἀληθῶς,ἀληθής
1254,15.1,δύναται,δύναμαι
1255,15.2,καὶ,καί
1256,15.2,τῆς,ὁ
1257,15.2,ἡσυχίας,ἡσυχία
1258,15.2,αὐτοῦ,
1259,15.2,ἀκούειν,ἀκούω
1260,15.2,ἵνα,ἵνα
1261,15.2,τέλειος,τέλειος
1262,15.2,ᾖ,εἰμί
1263,15.2,ἵνα,ἵνα
1264,15.2,δι’,
1265,15.2,ὧν,ὅς
1266,15.2,λαλεῖ,λαλέω
1267,15.2,πράσσῃ,πράσσω
1268,15.2,καὶ,καί
1269,15.2,δι’,
1270,15.2,ὧν,ὅς
1271,15.2,σιγᾷ,
1272,15.2,γινώσκηται,γιγνώσκω
1273,15.2,οὐδὲν,οὐδείς
1274,15.2,λανθάνει,λανθάνω
1275,15.2,τὸν,ὁ
1276,15.2,κύριον,
1277,15.2,ἀλλὰ,ἀλλά
1278,15.2,καὶ,καί
1279,15.2,τὰ,
1280,15.2,κρυπτὰ,
1281,15.3,ἡμῶν,
1282,15.3,ἐγγὺς,ἐγγύς
1283,15.3,αὐτῷ,αὐτός
1284,15.3,ἐστιν,εἰμί
1285,15.3,πάντα,πᾶς
1286,15.3,οὖν,οὖν
1287,15.3,ποιῶμεν,
1288,15.3,ὡς,ὡς
1289,15.3,αὐτοῦ,
1290,15.3,ἐν,
1291,15.3,ἡμῖν,ἐγώ
1292,15.3,κατοικοῦντος,κατοικέω
1293,15.3,ἵνα,ἵνα
1294,15.3,ὦμεν,εἰμί
1295,15.3,αὐτοῦ,
1296,15.3,ναοὶ,
1297,15.3,καὶ,καί
1298,15.3,αὐτὸς,αὐτός
1299,15.3,ἐν,
1300,15.3,ἡμῖν,ἐγώ
1301,15.3,θεὸς,θεός
1302,15.3,ἡμῶν,
1303,15.3,ὅπερ,ὅσπερ
1304,15.3,καὶ,καί
1305,15.3,ἔστιν,εἰμί
1306,15.3,καὶ,καί
1307,15.3,φανήσεται,
1308,15.3,πρὸ,πρό
1309,15.3,προσώπου,πρόσωπον
1310,15.3,ἡμῶν,
1311,15.3,ἐξ,ἐκ
1312,15.3,ὧν,ὅς
1313,15.3,δικαίως,
1314,15.3,ἀγαπῶμεν,
1315,15.3,αὐτόν,αὐτός
1316,15.3,Μὴ,μή
1317,15.3,πλανᾶσθε,πλανάω
1318,15.3,ἀδελφοί,ἀδελφός
1319,15.3,μου,ἐγώ
1320,15.3,οἱ,
1321,15.3,οἰκοφθόροι,οἰκοφθόρος
1322,15.3,βασιλείαν,
1323,16.1,θεοῦ,
1324,16.1,οὐ,οὐ
1325,16.1,κληρονομήσουσιν,κληρονομέω
1326,16.1,εἰ,εἰ
1327,16.1,οὖν,οὖν
1328,16.1,οἱ,
1329,16.1,κατὰ,κατά
1330,16.1,σάρκα,
1331,16.1,ταῦτα,οὗτος
1332,16.1,πράσσοντες,πράσσω
1333,16.1,ἀπέθανον,ἀποθνήσκω
1334,16.2,πόσῳ,πόσος
1335,16.2,μᾶλλον,μᾶλλον
1336,16.2,ἐὰν,ἐάν
1337,16.2,πίστιν,πίστις
1338,16.2,θεοῦ,
1339,16.2,ἐν,
1340,16.2,κακῇ,
1341,16.2,διδασκαλίᾳ,διδασκαλία
1342,16.2,φθείρῃ,φθείρω
1343,16.2,ὑπὲρ,ὑπέρ
1344,16.2,ἧς,
1345,16.2,Ἰησοῦς,Ἰησοῦς
1346,16.2,Χριστὸς,χριστός
1347,16.2,ἐσταυρώθη,σταυρόω
1348,16.2,ὁ,ὁ
1349,16.2,τοιοῦτος,τοιοῦτος
1350,16.2,ῥυπαρὸς,ῥυπαρός
1351,16.2,γενόμενος,γίγνομαι
1352,16.2,εἰς,εἰς
1353,16.2,τὸ,ὁ
1354,16.2,πῦρ,πῦρ
1355,16.2,τὸ,ὁ
1356,16.2,ἄσβεστον,ἄσβεστος
1357,16.2,χωρήσει,
1358,16.2,ὁμοίως,
1359,16.2,καὶ,καί
1360,16.2,ὁ,ὁ
1361,16.2,ἀκούων,ἀκούω
1362,16.2,αὐτοῦ,
1363,16.2,Διὰ,
1364,16.2,τοῦτο,οὗτος
1365,16.2,μύρον,μύρον
1366,16.2,ἔλαβεν,
1367,16.2,ἐπὶ,ἐπί
1368,16.2,τῆς,ὁ
1369,16.2,κεφαλῆς,κεφαλή
1370,16.2,αὐτοῦ,
1371,17.1,ὁ,ὁ
1372,17.1,κύριος,
1373,17.1,ἵνα,ἵνα
1374,17.1,πνέῃ,πνέω
1375,17.1,τῇ,
1376,17.1,ἐκκλησίᾳ,ἐκκλησία
1377,17.1,ἀφθαρσίαν,ἀφθαρσία
1378,17.1,μὴ,μή
1379,17.1,ἀλείφεσθε,ἀλείφω
1380,17.1,δυσωδίαν,δυσωδία
1381,17.1,τῆς,ὁ
1382,17.1,διδασκαλίας,διδασκαλία
1383,17.1,τοῦ,
1384,17.1,ἄρχοντος,
1385,17.1,τοῦ,
1386,17.1,αἰῶνος,αἰών
1387,17.1,τούτου,οὗτος
1388,17.1,μὴ,μή
1389,17.1,αἰχμαλωτίσῃ,αἰχμαλωτίζω
1390,17.1,ὑμᾶς,
1391,17.1,ἐκ,ἐκ
1392,17.1,τοῦ,
1393,17.1,προκειμένου,πρόκειμαι
1394,17.1,ζῆν,
1395,17.1,διὰ,διά
1396,17.1,τί,
1397,17.1,δὲ,δέ
1398,17.1,οὐ,οὐ
1399,17.1,πάντες,πᾶς
1400,17.1,φρόνιμοι,φρόνιμος
1401,17.1,γινόμεθα,γίγνομαι
1402,17.1,λαβόντες,λαμβάνω
1403,17.2,θεοῦ,
1404,17.2,γνῶσιν,
1405,17.2,ὅ,
1406,17.2,ἐστιν,εἰμί
1407,17.2,Ἰησοῦς,Ἰησοῦς
1408,17.2,Χριστός,χριστός
1409,17.2,τί,
1410,17.2,μωρῶς,μωρός
1411,17.2,ἀπολλύμεθα,
1412,17.2,ἀγνοοῦντες,ἀγνοέω
1413,17.2,τὸ,ὁ
1414,17.2,χάρισμα,χάρισμα
1415,17.2,ὃ,
1416,17.2,πέπομφεν,πέμπω
1417,17.2,ἀληθῶς,ἀληθής
1418,17.2,ὁ,ὁ
1419,17.2,κύριος,
1420,17.2,Περίψημα,περίψημα
1421,17.2,τὸ,ὁ
1422,17.2,ἐμὸν,ἐμός
1423,17.2,πνεῦμα,πνεῦμα
1424,17.2,τοῦ,
1425,17.2,σταυροῦ,
1426,17.2,ὅ,
1427,17.2,ἐστιν,εἰμί
1428,17.2,σκάνδαλον,
1429,18.1,τοῖς,ὁ
1430,18.1,ἀπιστοῦσιν,ἀπιστέω
1431,18.1,ἡμῖν,ἐγώ
1432,18.1,δὲ,δέ
1433,18.1,σωτηρία,σωτηρία
1434,18.1,καὶ,καί
1435,18.1,ζωὴ,
1436,18.1,αἰώνιος,αἰώνιος
1437,18.1,ποῦ,
1438,18.1,σοφός,σοφός
1439,18.1,ποῦ,
1440,18.1,συζητητής,συζητητής
1441,18.1,ποῦ,
1442,18.1,καύχησις,καύχησις
1443,18.1,τῶν,ὁ
1444,18.1,λεγομένων,
1445,18.1,συνετῶν,συνετός
1446,18.1,ὁ,ὁ
1447,18.1,γὰρ,γάρ
1448,18.1,θεὸς,θεός
1449,18.1,ἡμῶν,
1450,18.1,Ἰησοῦς,Ἰησοῦς
1451,18.1,ὁ,ὁ
1452,18.1,Χριστὸς,χριστός
1453,18.1,ἐκυοφορήθη,κυοφορέω
1454,18.1,ὑπὸ,ὑπό
1455,18.1,Μαρίας,Μαρία
1456,18.2,κατ’,
1457,18.2,οἰκονομίαν,οἰκονομία
1458,18.2,θεοῦ,
1459,18.2,ἐκ,ἐκ
1460,18.2,σπέρματος,σπέρμα
1461,18.2,μὲν,μέν
1462,18.2,Δαυείδ,
1463,18.2,πνεύματος,πνεῦμα
1464,18.2,δὲ,δέ
1465,18.2,ἁγίου,ἅγιος
1466,18.2,ὃς,
1467,18.2,ἐγεννήθη,γεννάω
1468,18.2,καὶ,καί
1469,18.2,ἐβαπτίσθη,βαπτίζω
1470,18.2,ἵνα,ἵνα
1471,18.2,τῷ,
1472,18.2,πάθει,πάθος
1473,18.2,τὸ,ὁ
1474,18.2,ὕδωρ,ὕδωρ
1475,18.2,καθαρίσῃ,
1476,18.2,Καὶ,καί
1477,18.2,ἔλαθεν,
1478,18.2,τὸν,ὁ
1479,18.2,ἄρχοντα,
1480,18.2,τοῦ,
1481,18.2,αἰῶνος,αἰών
1482,18.2,τούτου,οὗτος
1483,18.2,ἡ,ὁ
1484,18.2,παρθενία,
1485,19.1,Μαρίας,Μαρία
1486,19.1,καὶ,καί
1487,19.1,ὁ,ὁ
1488,19.1,τοκετὸς,τοκετός
1489,19.1,αὐτῆς,αὐτός
1490,19.1,ὁμοίως,
1491,19.1,καὶ,καί
1492,19.1,ὁ,ὁ
1493,19.1,θάνατος,θάνατος
1494,19.1,τοῦ,
1495,19.1,κυρίου,
1496,19.1,τρία,
1497,19.1,μυστήρια,μυστήριον
1498,19.1,κραυγῆς,
1499,19.1,ἅτινα,ὅστις
1500,19.1,ἐν,
1501,19.1,ἡσυχίᾳ,ἡσυχία
1502,19.1,θεοῦ,
1503,19.1,ἐπράχθη,πράσσω
1504,19.1,πῶς,
1505,19.1,οὖν,οὖν
1506,19.1,ἐφανερώθη,φανερόω
1507,19.1,τοῖς,ὁ
1508,19.1,αἰῶσιν,
1509,19.1,ἀστὴρ,ἀστήρ
1510,19.1,ἐν,
1511,19.1,οὐρανῷ,οὐρανός
1512,19.1,ἔλαμψεν,λάμπω
1513,19.2,ὑπὲρ,ὑπέρ
1514,19.2,πάντας,πᾶς
1515,19.2,τοὺς,ὁ
1516,19.2,ἀστέρας,ἀστήρ
1517,19.2,καὶ,καί
1518,19.2,τὸ,ὁ
1519,19.2,φῶς,φάος
1520,19.2,αὐτοῦ,
1521,19.2,ἀνεκλάλητον,ἀνεκλάλητος
1522,19.2,ἦν,
1523,19.2,καὶ,καί
1524,19.2,ξενισμὸν,ξενισμός
1525,19.2,παρεῖχεν,παρέχω
1526,19.2,ἡ,ὁ
1527,19.2,καινότης,καινότης
1528,19.2,αὐτοῦ,
1529,19.2,τὰ,
1530,19.2,δὲ,δέ
1531,19.2,λοιπὰ,
1532,19.2,πάντα,πᾶς
1533,19.2,ἄστρα,ἄστρον
1534,19.2,ἅμα,ἅμα
1535,19.2,ἡλίῳ,ἥλιος
1536,19.2,καὶ,καί
1537,19.2,σελήνῃ,σελήνη
1538,19.2,χορὸς,χορός
1539,19.2,ἐγένετο,γίγνομαι
1540,19.2,τῷ,
1541,19.2,ἀστέρι,ἀστήρ
1542,19.2,αὐτὸς,αὐτός
1543,19.2,δὲ,δέ
1544,19.2,ἦν,
1545,19.2,ὑπερβάλλων,ὑπερβάλλω
1546,19.2,τὸ,ὁ
1547,19.2,φῶς,φάος
1548,19.2,αὐτοῦ,
1549,19.2,ὑπὲρ,ὑπέρ
1550,19.2,πάντα,πᾶς
1551,19.2,ταραχή,ταραχή
1552,19.2,τε,τε
1553,19.2,ἦν,
1554,19.2,πόθεν,
1555,19.2,ἡ,ὁ
1556,19.2,καινότης,καινότης
1557,19.2,ἡ,ὁ
1558,19.2,ἀνόμοιος,ἀνόμοιος
1559,19.2,αὐτοῖς,αὐτός
1560,19.2,ὅθεν,ὅθεν
1561,19.2,ἐλύετο,
1562,19.2,πᾶσα,πᾶς
1563,19.2,μαγεία,μαγεία
1564,19.2,καὶ,καί
1565,19.2,πᾶς,πᾶς
1566,19.2,δεσμὸς,δεσμός
1567,19.2,ἠφανίζετο,ἀφανίζω
1568,19.2,κακίας,κακία
1569,19.3,ἄγνοια,ἄγνοια
1570,19.3,καθῃρεῖτο,καθαιρέω
1571,19.3,παλαιὰ,παλαιός
1572,19.3,βασιλεία,
1573,19.3,διεφθείρετο,διαφθείρω
1574,19.3,θεοῦ,
1575,19.3,ἀνθρωπίνως,ἀνθρώπινος
1576,19.3,φανερουμένου,φανερόω
1577,19.3,εἰς,εἰς
1578,19.3,καινότητα,καινότης
1579,19.3,ἀϊδίου,ἀίδιος
1580,19.3,ζωῆς,
1581,19.3,ἀρχὴν,
1582,19.3,δὲ,δέ
1583,19.3,ἐλάμβανεν,λαμβάνω
1584,19.3,τὸ,ὁ
1585,19.3,παρὰ,
1586,19.3,θεῷ,
1587,19.3,ἀπηρτισμένον,ἀπαρτίζω
1588,19.3,ἔνθεν,
1589,19.3,τὰ,
1590,19.3,πάντα,πᾶς
1591,19.3,συνεκινεῖτο,συγκινέω
1592,19.3,διὰ,διά
1593,19.3,τὸ,ὁ
1594,19.3,μελετᾶσθαι,μελετάω
1595,19.3,θανάτου,
1596,19.3,κατάλυσιν,κατάλυσις
1597,19.3,Ἐάν,ἐάν
1598,19.3,με,ἐγώ
1599,19.3,καταξιώσῃ,
1600,19.3,Ἰησοῦς,Ἰησοῦς
1601,19.3,Χριστὸς,χριστός
1602,19.3,ἐν,
1603,19.3,τῇ,
1604,19.3,προσευχῇ,προσευχή
1605,19.3,ὑμῶν,
1606,19.3,καὶ,καί
1607,20.1,θέλημα,θέλημα
1608,20.1,ᾖ,εἰμί
1609,20.1,ἐν,
1610,20.1,τῷ,
1611,20.1,δευτέρῳ,δεύτερος
1612,20.1,βιβλιδίῳ,
1613,20.1,ὃ,
1614,20.1,μέλλω,μέλλω
1615,20.1,γράφειν,γράφω
1616,20.1,ὑμῖν,σύ
1617,20.1,προσδηλώσω,προσδηλόω
1618,20.1,ὑμῖν,σύ
1619,20.1,ἧς,
1620,20.1,ἠρξάμην,
1621,20.1,οἰκονομίας,οἰκονομία
1622,20.1,εἰς,εἰς
1623,20.1,τὸν,ὁ
1624,20.1,καινὸν,καινός
1625,20.1,ἄνθρωπον,ἄνθρωπος
1626,20.1,Ἰησοῦν,Ἰησοῦς
1627,20.1,Χριστόν,χριστός
1628,20.1,ἐν,
1629,20.1,τῇ,
1630,20.1,αὐτοῦ,
1631,20.1,πίστει,πίστις
1632,20.1,καὶ,καί
1633,20.1,ἐν,
1634,20.1,τῇ,
1635,20.1,αὐτοῦ,
1636,20.1,ἀγάπῃ,ἀγάπη
1637,20.1,ἐν,
1638,20.1,πάθει,πάθος
1639,20.1,αὐτοῦ,
1640,20.1,καὶ,καί
1641,20.1,ἀναστάσει,
1642,20.1,μάλιστα,μάλιστα
1643,20.1,ἐὰν,ἐάν
1644,20.1,ὁ,ὁ
1645,20.1,κύριός,
1646,20.1,μοι,ἐγώ
1647,20.1,ἀποκαλύψῃ,
1648,20.1,ὅτι,
1649,20.1,οἱ,
1650,20.1,κατ’,
1651,20.1,ἄνδρα,ἀνήρ
1652,20.1,κοινῇ,
1653,20.2,πάντες,πᾶς
1654,20.2,ἐν,
1655,20.2,χάριτι,χάρις
1656,20.2,ἐξ,ἐκ
1657,20.2,ὀνόματος,ὄνομα
1658,20.2,συνέρχεσθε,συνέρχομαι
1659,20.2,ἐν,
1660,20.2,μιᾷ,εἷς
1661,20.2,πίστει,πίστις
1662,20.2,καὶ,καί
1663,20.2,ἐν,
1664,20.2,Ἰησοῦ,Ἰησοῦς
1665,20.2,Χριστῷ,χριστός
1666,20.2,τῷ,
1667,20.2,κατὰ,κατά
1668,20.2,σάρκα,
1669,20.2,ἐκ,ἐκ
1670,20.2,γένους,γένος
1671,20.2,Δαυείδ,
1672,20.2,τῷ,
1673,20.2,υἱῷ,υἱός
1674,20.2,ἀνθρώπου,ἄνθρωπος
1675,20.2,καὶ,καί
1676,20.2,υἱῷ,υἱός
1677,20.2,θεοῦ,
1678,20.2,εἰς,εἰς
1679,20.2,τὸ,ὁ
1680,20.2,ὑπακούειν,ὑπακούω
1681,20.2,ὑμᾶς,
1682,20.2,τῷ,
1683,20.2,ἐπισκόπῳ,
1684,20.2,καὶ,καί
1685,20.2,τῷ,
1686,20.2,πρεσβυτερίῳ,πρεσβυτέριον
1687,20.2,ἀπερισπάστῳ,ἀπερίσπαστος
1688,20.2,διανοίᾳ,διάνοια
1689,20.2,ἕνα,
1690,20.2,ἄρτον,ἄρτος
1691,20.2,κλῶντες,κλάω
1692,20.2,ὅς,
1693,20.2,ἐστιν,εἰμί
1694,20.2,φάρμακον,
1695,20.2,ἀθανασίας,ἀθανασία
1696,20.2,ἀντίδοτος,ἀντίδοτος
1697,20.2,τοῦ,
1698,20.2,μὴ,μή
1699,20.2,ἀποθανεῖν,ἀποθνήσκω
1700,20.2,ἀλλὰ,ἀλλά
1701,20.2,ζῆν,
1702,20.2,ἐν,
1703,20.2,Ἰησοῦ,Ἰησοῦς
1704,20.2,Χριστῷ,χριστός
1705,20.2,διὰ,διά
1706,20.2,παντός,πᾶς
1707,20.2,Ἀντίψυχον,ἀντίψυχος
1708,20.2,ὑμῶν,
1709,20.2,ἐγὼ,ἐγώ
1710,20.2,καὶ,καί
1711,20.2,ὧν,ὅς
1712,20.2,ἐπέμψατε,πέμπω
1713,20.2,εἰς,εἰς
1714,20.2,θεοῦ,
1715,20.2,τιμὴν,τιμή
1716,20.2,εἰς,εἰς
1717,20.2,Σμύρναν,
1718,21.1,ὅθεν,ὅθεν
1719,21.1,καὶ,καί
1720,21.1,γράφω,γράφω
1721,21.1,ὑμῖν,σύ
1722,21.1,εὐχαριστῶν,εὐχαριστέω
1723,21.1,τῷ,
1724,21.1,κυρίῳ,κύριος
1725,21.1,ἀγαπῶν,
1726,21.1,Πολύκαρπον,
1727,21.1,ὡς,ὡς
1728,21.1,καὶ,καί
1729,21.1,ὑμᾶς,
1730,21.1,μνημονεύετέ,μνημονεύω
1731,21.1,μου,ἐγώ
1732,21.1,ὡς,ὡς
1733,21.1,καὶ,καί
1734,21.1,ὑμῶν,
1735,21.1,Ἰησοῦς,Ἰησοῦς
1736,21.1,Χριστός,χριστός
1737,21.1,προσεύχεσθε,προσεύχομαι
1738,21.1,ὑπὲρ,ὑπέρ
1739,21.1,τῆς,ὁ
1740,21.1,ἐκκλησίας,ἐκκλησία
1741,21.1,τῆς,ὁ
1742,21.1,ἐν,
1743,21.1,Συρίᾳ,
1744,21.1,ὅθεν,ὅθεν
1745,21.1,δεδεμένος,δέω1
1746,21.2,εἰς,εἰς
1747,21.2,Ῥώμην,
1748,21.2,ἀπάγομαι,ἀπάγω
1749,21.2,ἔσχατος,ἔσχατος
1750,21.2,ὢν,εἰμί
1751,21.2,τῶν,ὁ
1752,21.2,ἐκεῖ,ἐκεῖ
1753,21.2,πιστῶν,
1754,21.2,ὥσπερ,ὥσπερ
1755,21.2,ἠξιώθην,
1756,21.2,εἰς,εἰς
1757,21.2,τιμὴν,τιμή
1758,21.2,θεοῦ,
1759,21.2,εὑρεθῆναι,εὑρίσκω
1760,21.2,ἔρρωσθε,ῥώννυμι
1761,21.2,ἐν,
1762,21.2,θεῷ,
1763,21.2,πατρὶ,
1764,21.2,καὶ,καί
1765,21.2,ἐν,
1766,21.2,Ἰησοῦ,Ἰησοῦς
1767,21.2,Χριστῷ,χριστός
1768,21.2,τῇ,
1769,21.2,κοινῇ,
1770,21.2,ἐλπίδι,ἐλπίς
1771,21.2,ἡμῶν,
